To,From,total
Ada.Campo-Corrente@gastech.com.kronos,Felix.Resumir@gastech.com.kronos,2
Ada.Campo-Corrente@gastech.com.kronos,Ruscella.Mies.Haber@gastech.com.kronos,1
Adra.Nubarron@gastech.com.kronos,Minke.Mies@gastech.com.kronos,1
Adra.Nubarron@gastech.com.kronos,Ruscella.Mies.Haber@gastech.com.kronos,2
Albina.Hafon@gastech.com.kronos,Rachel.Pantanal@gastech.com.kronos,1
Anda.Ribera@gastech.com.kronos,Gustav.Cazar@gastech.com.kronos,1
Anda.Ribera@gastech.com.kronos,Henk.Mies@gastech.com.kronos,2
Anda.Ribera@gastech.com.kronos,Lars.Azada@gastech.com.kronos,2
Anda.Ribera@gastech.com.kronos,Valeria.Morlun@gastech.com.kronos,1
Axel.Calzas@gastech.com.kronos,Linnea.Bergen@gastech.com.kronos,1
Axel.Calzas@gastech.com.kronos,Nils.Calixto@gastech.com.kronos,2
Axel.Calzas@gastech.com.kronos,Varja.Lagos@gastech.com.kronos,1
Benito.Hawelon@gastech.com.kronos,Elsa.Orilla@gastech.com.kronos,2
Benito.Hawelon@gastech.com.kronos,Felix.Resumir@gastech.com.kronos,2
Benito.Hawelon@gastech.com.kronos,Kare.Orilla@gastech.com.kronos,1
Birgitta.Frente@gastech.com.kronos,Isak.Baza@gastech.com.kronos,2
Carla.Forluniau@gastech.com.kronos,Felix.Balas@gastech.com.kronos,2
Carla.Forluniau@gastech.com.kronos,Varro.Awelon@gastech.com.kronos,2
Cecilia.Morluniau@gastech.com.kronos,Adra.Nubarron@gastech.com.kronos,1
Cecilia.Morluniau@gastech.com.kronos,Ingrid.Barranco@gastech.com.kronos,1
Claudio.Hawelon@gastech.com.kronos,Isia.Vann@gastech.com.kronos,4
Claudio.Hawelon@gastech.com.kronos,Linnea.Bergen@gastech.com.kronos,2
Claudio.Hawelon@gastech.com.kronos,Rachel.Pantanal@gastech.com.kronos,1
Cornelia.Lais@gastech.com.kronos,Hideki.Cocinaro@gastech.com.kronos,2
Dante.Coginian@gastech.com.kronos,Felix.Resumir@gastech.com.kronos,2
Dante.Coginian@gastech.com.kronos,Hideki.Cocinaro@gastech.com.kronos,3
Dante.Coginian@gastech.com.kronos,Lucas.Alcazar@gastech.com.kronos,1
Dante.Coginian@gastech.com.kronos,Mat.Bramar@gastech.com.kronos,1
Edvard.Vann@gastech.com.kronos,Elsa.Orilla@gastech.com.kronos,2
Edvard.Vann@gastech.com.kronos,Henk.Mies@gastech.com.kronos,1
Elsa.Orilla@gastech.com.kronos,Benito.Hawelon@gastech.com.kronos,3
Elsa.Orilla@gastech.com.kronos,Edvard.Vann@gastech.com.kronos,3
Emile.Arpa@gastech.com.kronos,Lucas.Alcazar@gastech.com.kronos,2
Emile.Arpa@gastech.com.kronos,Marin.Onda@gastech.com.kronos,2
Felix.Balas@gastech.com.kronos,Carla.Forluniau@gastech.com.kronos,2
Felix.Balas@gastech.com.kronos,Hennie.Osvaldo@gastech.com.kronos,1
Felix.Resumir@gastech.com.kronos,Ada.Campo-Corrente@gastech.com.kronos,2
Felix.Resumir@gastech.com.kronos,Benito.Hawelon@gastech.com.kronos,3
Felix.Resumir@gastech.com.kronos,Dante.Coginian@gastech.com.kronos,1
Gustav.Cazar@gastech.com.kronos,Anda.Ribera@gastech.com.kronos,2
Gustav.Cazar@gastech.com.kronos,Orhan.Strum@gastech.com.kronos,3
Henk.Mies@gastech.com.kronos,Anda.Ribera@gastech.com.kronos,2
Henk.Mies@gastech.com.kronos,Edvard.Vann@gastech.com.kronos,1
Henk.Mies@gastech.com.kronos,Inga.Ferro@gastech.com.kronos,3
Henk.Mies@gastech.com.kronos,Sten.Sanjorge Jr.@gastech.com.kronos,2
Hennie.Osvaldo@gastech.com.kronos,Felix.Balas@gastech.com.kronos,1
Hennie.Osvaldo@gastech.com.kronos,Linnea.Bergen@gastech.com.kronos,3
Hennie.Osvaldo@gastech.com.kronos,Rachel.Pantanal@gastech.com.kronos,2
Hennie.Osvaldo@gastech.com.kronos,Ruscella.Mies.Haber@gastech.com.kronos,2
Hideki.Cocinaro@gastech.com.kronos,Cornelia.Lais@gastech.com.kronos,2
Hideki.Cocinaro@gastech.com.kronos,Dante.Coginian@gastech.com.kronos,2
Hideki.Cocinaro@gastech.com.kronos,Isande.Borrasca@gastech.com.kronos,1
Inga.Ferro@gastech.com.kronos,Henk.Mies@gastech.com.kronos,3
Inga.Ferro@gastech.com.kronos,Kare.Orilla@gastech.com.kronos,1
Inga.Ferro@gastech.com.kronos,Linnea.Bergen@gastech.com.kronos,3
Inga.Ferro@gastech.com.kronos,Ruscella.Mies.Haber@gastech.com.kronos,2
Inga.Ferro@gastech.com.kronos,Willem.Vasco-Pais@gastech.com.kronos,2
Ingrid.Barranco@gastech.com.kronos,Cecilia.Morluniau@gastech.com.kronos,2
Ingrid.Barranco@gastech.com.kronos,Kare.Orilla@gastech.com.kronos,1
Ingrid.Barranco@gastech.com.kronos,Loreto.Bodrogi@gastech.com.kronos,3
Irene.Nant@gastech.com.kronos,Carla.Forluniau@gastech.com.kronos,1
Irene.Nant@gastech.com.kronos,Kanon.Herrero@gastech.com.kronos,1
Irene.Nant@gastech.com.kronos,Orhan.Strum@gastech.com.kronos,2
Isak.Baza@gastech.com.kronos,Birgitta.Frente@gastech.com.kronos,3
Isande.Borrasca@gastech.com.kronos,Hideki.Cocinaro@gastech.com.kronos,1
Isia.Vann@gastech.com.kronos,Claudio.Hawelon@gastech.com.kronos,2
Isia.Vann@gastech.com.kronos,Linnea.Bergen@gastech.com.kronos,3
Isia.Vann@gastech.com.kronos,Rachel.Pantanal@gastech.com.kronos,5
Isia.Vann@gastech.com.kronos,Ruscella.Mies.Haber@gastech.com.kronos,2
Kanon.Herrero@gastech.com.kronos,Nils.Calixto@gastech.com.kronos,2
Kare.Orilla@gastech.com.kronos,Ingrid.Barranco@gastech.com.kronos,2
Lars.Azada@gastech.com.kronos,Anda.Ribera@gastech.com.kronos,2
Linda.Lagos@gastech.com.kronos,Vira.Frente@gastech.com.kronos,1
Linnea.Bergen@gastech.com.kronos,Claudio.Hawelon@gastech.com.kronos,1
Loreto.Bodrogi@gastech.com.kronos,Ingrid.Barranco@gastech.com.kronos,2
Loreto.Bodrogi@gastech.com.kronos,Linnea.Bergen@gastech.com.kronos,3
Loreto.Bodrogi@gastech.com.kronos,Ruscella.Mies.Haber@gastech.com.kronos,2
Lucas.Alcazar@gastech.com.kronos,Dante.Coginian@gastech.com.kronos,2
Lucas.Alcazar@gastech.com.kronos,Emile.Arpa@gastech.com.kronos,2
Marin.Onda@gastech.com.kronos,Emile.Arpa@gastech.com.kronos,2
Mat.Bramar@gastech.com.kronos,Dante.Coginian@gastech.com.kronos,1
Mat.Bramar@gastech.com.kronos,Varro.Awelon@gastech.com.kronos,3
Minke.Mies@gastech.com.kronos,Linnea.Bergen@gastech.com.kronos,3
Minke.Mies@gastech.com.kronos,Nils.Calixto@gastech.com.kronos,2
Minke.Mies@gastech.com.kronos,Ruscella.Mies.Haber@gastech.com.kronos,2
Minke.Mies@gastech.com.kronos,Vira.Frente@gastech.com.kronos,3
Nils.Calixto@gastech.com.kronos,Axel.Calzas@gastech.com.kronos,3
Nils.Calixto@gastech.com.kronos,Kanon.Herrero@gastech.com.kronos,3
Nils.Calixto@gastech.com.kronos,Minke.Mies@gastech.com.kronos,2
Orhan.Strum@gastech.com.kronos,Gustav.Cazar@gastech.com.kronos,3
Orhan.Strum@gastech.com.kronos,Irene.Nant@gastech.com.kronos,2
Orhan.Strum@gastech.com.kronos,Stenig.Fusil@gastech.com.kronos,1
Rachel.Pantanal@gastech.com.kronos,Albina.Hafon@gastech.com.kronos,2
Rachel.Pantanal@gastech.com.kronos,Claudio.Hawelon@gastech.com.kronos,1
Rachel.Pantanal@gastech.com.kronos,Hennie.Osvaldo@gastech.com.kronos,2
Rachel.Pantanal@gastech.com.kronos,Isia.Vann@gastech.com.kronos,8
Rachel.Pantanal@gastech.com.kronos,Linnea.Bergen@gastech.com.kronos,2
Ruscella.Mies.Haber@gastech.com.kronos,Ada.Campo-Corrente@gastech.com.kronos,1
Ruscella.Mies.Haber@gastech.com.kronos,Adra.Nubarron@gastech.com.kronos,2
Ruscella.Mies.Haber@gastech.com.kronos,Hennie.Osvaldo@gastech.com.kronos,2
Ruscella.Mies.Haber@gastech.com.kronos,Inga.Ferro@gastech.com.kronos,2
Ruscella.Mies.Haber@gastech.com.kronos,Linnea.Bergen@gastech.com.kronos,5
Ruscella.Mies.Haber@gastech.com.kronos,Loreto.Bodrogi@gastech.com.kronos,1
Ruscella.Mies.Haber@gastech.com.kronos,Minke.Mies@gastech.com.kronos,1
Sten.Sanjorge Jr.@gastech.com.kronos,Henk.Mies@gastech.com.kronos,2
Stenig.Fusil@gastech.com.kronos,Orhan.Strum@gastech.com.kronos,1
Stenig.Fusil@gastech.com.kronos,Valeria.Morlun@gastech.com.kronos,1
Stenig.Fusil@gastech.com.kronos,Vira.Frente@gastech.com.kronos,2
Valeria.Morlun@gastech.com.kronos,Anda.Ribera@gastech.com.kronos,2
Varja.Lagos@gastech.com.kronos,Axel.Calzas@gastech.com.kronos,2
Varja.Lagos@gastech.com.kronos,Felix.Balas@gastech.com.kronos,1
Varja.Lagos@gastech.com.kronos,Willem.Vasco-Pais@gastech.com.kronos,1
Varro.Awelon@gastech.com.kronos,Carla.Forluniau@gastech.com.kronos,3
Varro.Awelon@gastech.com.kronos,Mat.Bramar@gastech.com.kronos,3
Vira.Frente@gastech.com.kronos,Linda.Lagos@gastech.com.kronos,1
Vira.Frente@gastech.com.kronos,Minke.Mies@gastech.com.kronos,3
Vira.Frente@gastech.com.kronos,Stenig.Fusil@gastech.com.kronos,2
Willem.Vasco-Pais@gastech.com.kronos,Inga.Ferro@gastech.com.kronos,2
